{
  "cli": {
    "version": ">= 5.9.1"
  },
  "build": {
    "development": {
      "developmentClient": true,
      "distribution": "internal",
      "ios": {
        "resourceClass": "m-medium"
      },
      "android": {
        "buildType": "apk"
      }
    },
    "preview": {
      "distribution": "internal",
      "ios": {
        "resourceClass": "m-medium"
      },
      "android": {
        "buildType": "apk"
      }
    },
    "production": {
      "ios": {
        "resourceClass": "m-medium"
      },
      "android": {
        "buildType": "app-bundle"
      }
    }
  },
  "submit": {
    "production": {
      "ios": {
        "appleId": "your-apple-id@example.com",
        "ascAppId": "your-app-store-connect-app-id",
        "appleTeamId": "your-apple-team-id"
      },
      "android": {
        "serviceAccountKeyPath": "./path-to-service-account-key.json",
        "track": "internal"
      }
    }
  }
}
